{"cameraMode":{"drawMode":0,"name":"Shaded","section":"Shading Mode"},"sceneLighting":false,"audioPlay":false,"sceneViewState":{"showFog":true,"showMaterialUpdate":false,"showSkybox":false,"showFlares":true,"showImageEffects":true,"showParticleSystems":true},"in2DMode":false,"pivot":{"x":291.848876953125,"y":1.1570463180541993,"z":256.2333984375},"rotation":{"x":0.13508743047714234,"y":-0.8243542313575745,"z":0.22124166786670686,"w":0.5032839179039002},"size":5.072550296783447,"orthographic":false}