{"cameraMode":{"drawMode":0,"name":"Shaded","section":"Shading Mode"},"sceneLighting":true,"audioPlay":false,"sceneViewState":{"showFog":true,"showMaterialUpdate":false,"showSkybox":true,"showFlares":true,"showImageEffects":true,"showParticleSystems":true},"in2DMode":false,"pivot":{"x":294.61456298828127,"y":3.1052353382110597,"z":250.63259887695313},"rotation":{"x":-0.11580082774162293,"y":0.1882951408624649,"z":-0.02235662005841732,"w":-0.9750362038612366},"size":2.5355923175811769,"orthographic":false}