{"cameraMode":{"drawMode":0,"name":"Shaded","section":"Shading Mode"},"sceneLighting":true,"audioPlay":false,"sceneViewState":{"showFog":true,"showMaterialUpdate":false,"showSkybox":true,"showFlares":true,"showImageEffects":true,"showParticleSystems":true},"in2DMode":false,"pivot":{"x":-9.11832332611084,"y":9.179678916931153,"z":14.41834545135498},"rotation":{"x":0.028769053518772126,"y":0.03324977308511734,"z":0.0009670951403677464,"w":-0.9990425705909729},"size":17.44050407409668,"orthographic":false}