{"cameraMode":{"drawMode":0,"name":"Shaded","section":"Shading Mode"},"sceneLighting":true,"audioPlay":false,"sceneViewState":{"showFog":true,"showMaterialUpdate":false,"showSkybox":true,"showFlares":true,"showImageEffects":true,"showParticleSystems":true},"in2DMode":false,"pivot":{"x":0.3652883470058441,"y":-2.607363224029541,"z":0.3903341293334961},"rotation":{"x":-0.15967553853988648,"y":-0.0733751729130745,"z":0.011902282014489174,"w":-0.9843724370002747},"size":5.187491416931152,"orthographic":false}